transformer,lstm,rnn
110.6118317,174.7355256,172.4272156
