transformer,lstm,cnn
110.6118317,174.7355256,172.4272156
